{
    "chirag": [
        {
            "stride_length": 0.05863110428182488,
            "step_frequency": 1.2820512820512822,
            "knee_left_mean": 170.62199171166233,
            "knee_right_mean": 168.01202265210802,
            "hip_left_mean": 154.8970969899911,
            "hip_right_mean": 165.4985852875183,
            "knee_left_std": 5.339485806993888,
            "knee_right_std": 6.098738679284991,
            "hip_left_std": 8.35843376121517,
            "hip_right_std": 7.743328714007715
        }
    ],
    "akash": [
        {
            "stride_length": 0.11135175984639388,
            "step_frequency": 4.153846153846154,
            "knee_left_mean": 156.0144297887477,
            "knee_right_mean": 152.59128519582256,
            "hip_left_mean": 145.71508990558107,
            "hip_right_mean": 151.4194911420168,
            "knee_left_std": 14.804694741803596,
            "knee_right_std": 19.256858093479277,
            "hip_left_std": 23.294693424918037,
            "hip_right_std": 21.586590532720166
        }
    ]
}